spirent1,spirent
spirent2,spirent
spirent3,spirent
spirent4,spirent
spirent5,spirent
spirent6,spirent
spirent7,spirent
spirent8,spirent
spirent9,spirent
spirent10,spirent
spirent11,spirent
spirent12,spirent
spirent13,spirent
spirent14,spirent
spirent15,spirent
spirent16,spirent
spirent17,spirent
spirent18,spirent
spirent19,spirent
spirent20,spirent
spirent21,spirent
spirent22,spirent
spirent23,spirent
spirent24,spirent
spirent25,spirent
spirent26,spirent
spirent27,spirent
spirent28,spirent
spirent29,spirent
spirent30,spirent
spirent31,spirent
spirent32,spirent
spirent33,spirent
spirent34,spirent
spirent35,spirent
spirent36,spirent
spirent37,spirent
spirent38,spirent
spirent39,spirent
spirent40,spirent
spirent41,spirent
spirent42,spirent
spirent43,spirent
spirent44,spirent
spirent45,spirent
spirent46,spirent
spirent47,spirent
spirent48,spirent
spirent49,spirent
spirent50,spirent
spirent51,spirent
spirent52,spirent
spirent53,spirent
spirent54,spirent
spirent55,spirent
spirent56,spirent
spirent57,spirent
spirent58,spirent
spirent59,spirent
spirent60,spirent
spirent61,spirent
spirent62,spirent
spirent63,spirent
spirent64,spirent
spirent65,spirent
spirent66,spirent
spirent67,spirent
spirent68,spirent
spirent69,spirent
spirent70,spirent
spirent71,spirent
spirent72,spirent
spirent73,spirent
spirent74,spirent
spirent75,spirent
spirent76,spirent
spirent77,spirent
spirent78,spirent
spirent79,spirent
spirent80,spirent
spirent81,spirent
spirent82,spirent
spirent83,spirent
spirent84,spirent
spirent85,spirent
spirent86,spirent
spirent87,spirent
spirent88,spirent
spirent89,spirent
spirent90,spirent
spirent91,spirent
spirent92,spirent
spirent93,spirent
spirent94,spirent
spirent95,spirent
spirent96,spirent
spirent97,spirent
spirent98,spirent
spirent99,spirent
spirent100,spirent
